Hazard ID,Hazardous Situation
H03-09,Dose not administered (single) or delay of dose administration that is <24 hours in pediatric/adult population
H10-02,Dose not administered (repeated missed doses) that is > 24 hours in pediatric/adult population
H10-03,Dose not administered (repeated missed doses) that is > 24 hours in pediatric/adult population
H10-04,Dose not administered (repeated missed doses) that is > 24 hours in pediatric/adult population
H01-05,Excessive force required to actuate the device / administer the product
H01-06,Excessive force required to actuate the device / administer the product
H03-27,Single excessive dose administered in pediatric/adult population
H03-28,Single excessive dose administered in pediatric/adult population
H03-29,Single excessive dose administered in pediatric/adult population
H03_188,Delay while HCP prepares a second injection
,
H10-01,Dose not administered (single) or delay of dose administration in pediatric/adult population
H10-38,Topical exposure of user/patient to drug
H10-10,Single subtherapeutic dose administered in pediatric/adult population
H03-18,Single insufficient dose administered in pediatric/adult population
H03-08a,Administration of air subcutaneously in pediatric/adult population
H03-08b,Administration of air subcutaneously in pediatric/adult population
H06-02,Non-functional electronics or LCD
H03-48,"Product is administered at incorrect injection site (i.e., previously used injection site) and/or poor injection technique used to administer product"
H03-49,"Product is administered at incorrect injection site (i.e., previously used injection site) and/or poor injection technique used to administer product"
H01-01,Exposure to pinch points created by moving device parts
H03-10,Does not administered (repeated missed doses) or delay of dose administration that is >24 hours in pediatric/adult population
H03-12,Does not administered (repeated missed doses) or delay of dose administration that is >24 hours in pediatric/adult population
H03-11,Does not administered (repeated missed doses) or delay of dose administration that is >24 hours in pediatric/adult population
H03-19,Repeated insufficient doses administered in pediatric/adult population
H03-20,Repeated insufficient doses administered in pediatric/adult population
H03-21,Repeated insufficient doses administered in pediatric/adult population
H01-03,Excessive force required to prepare the device
H01-04,Excessive force required to prepare the device
H02-04,"Exposure to pathogenic bacteria, viruses, fungi, protists, endotoxins"
H03_105,Intramuscular injection is not achieved; injection is intradermal or subcutaneous
H03_106,Intramuscular injection is not achieved; injection is intradermal or subcutaneous
H03_107,Intramuscular injection is not achieved; injection is intradermal or subcutaneous
H03_108,Intramuscular injection is not achieved; injection is intradermal or subcutaneous
H03_109,Intramuscular injection is not achieved; injection is intradermal or subcutaneous
H10-19,Single excessive dose administered in pediatric/adult population
H10-20,Single excessive dose administered in pediatric/adult population
H10-39,Administration of air subcutaneously - Adolescents and Adults
H10-40,Administration of air subcutaneously - Adolescents and Adults
H06-03,Electromagnetic energy causing thermal runaway (heat generation)
,No Applicable Hazardous Situation
H10-11,Repeated subtherapeutic doses administered in pediatric/adult populations
H10-12,Repeated subtherapeutic doses administered in pediatric/adult populations
H10-13,Repeated subtherapeutic doses administered in pediatric/adult populations
H02-06,"Accidental needlestick with a needle that was in contact with blood, tissue, or other body fluid containing bloodborne pathogen (e.g., HIV, HBV, HCV, etc.)"
H04_77,Topical exposure of diluent (WFI) to user/patient
H01-07,Missed or delayed injection in a pediatric/adult patient population
H03-51,Topical exposure of user/patient to drug
H01-06,Needle breaks during administration
H01-07,Needle breaks during administration
H03-30,Repeated excessive doses administered in pediatric/adult population
H03-31,Repeated excessive doses administered in pediatric/adult population
H03-32,Repeated excessive doses administered in pediatric/adult population
H10-23,Repeated excessive doses administered in pediatric/adult population
H10-22,Repeated excessive doses administered in pediatric/adult population
H10-21,Repeated excessive doses administered in pediatric/adult population
H10-14,Single subtherapeutic dose administered in neonate/infant population
H10-15,Single subtherapeutic dose administered in neonate/infant population
H03-25,Repeated insufficient dose administered in neonate/infant population
H03-26,Repeated insufficient dose administered in neonate/infant population
H06-01,Line voltage appears on pen body
H01-01,User/patient exposed to device containing sharp edges
H01-02,User/patient exposed to device containing sharp edges
H01-03,User/patient exposed to device containing sharp edges
H10-08,Dose not administered (repeated missed doses) that is > 24 hours in neonate/infant population
H10-09,Dose not administered (repeated missed doses) that is > 24 hours in neonate/infant population
H10-16,Repeated subtherapeutic dose administered in neonate/infant population
H10-17,Repeated subtherapeutic dose administered in neonate/infant population
H10-06,Dose not administered (single) or delay of dose administration in neonate/infant population
H10-07,Dose not administered (single) or delay of dose administration in neonate/infant population
H10-05,Dose not administered (single) or delay of dose administration in neonate/infant population
H01-04,Accidental needlestick (clean)
H01-05,Accidental needlestick (clean)
H10-02,Dose not administered (single) or delay of dose administration in neonate/infant population
H10-03,Dose not administered (single) or delay of dose administration in neonate/infant population
H10-04,Dose not administered (single) or delay of dose administration in neonate/infant population
H10-05,Single subtherapeutic dose administered in pediatric/adult population
H10-08,Single subtherapeutic dose administered in pediatric/adult population
H03_13,Under dose
H03_14,Under dose
H03_15,Under dose
H03_16,Under dose
H10-23,Topical exposure of user/patient to drug
H03-13,Dose not administered (single) or delay of dose administration that is <24 hours in neonate/infant population
H03-14,Dose not administered (single) or delay of dose administration that is <24 hours in neonate/infant population
H03-15,Dose not administered (single) or delay of dose administration that is <24 hours in neonate/infant population
H01-05,Excessive force required to actuate the combination product/administer the product
H01-06,Excessive force required to actuate the combination product/administer the product
H01-03,Excessive force required to prepare the combination product
H01-04,Excessive force required to prepare the combination product
H10-18,Product is administered orally
H10-19,Product is administered orally
H03-04,Needle breaks during administration
H03-05,Needle breaks during administration
H03-50,Ophthalmic exposure of user/patient to drug
H10-43,"Administration of air subcutaneously - Neonates, infants, and children"
H10-42,"Administration of air subcutaneously - Neonates, infants, and children"
H10-41,"Administration of air subcutaneously - Neonates, infants, and children"
H10-30,Product is administered intramuscularly (IM) or intradermally
H10-31,Product is administered intramuscularly (IM) or intradermally
H04_83,Topical exposure of drug product to user/patient
H03-39,Product is administered intramuscularly (IM) or intradermally
H03-40,Product is administered intramuscularly (IM) or intradermally
H03-01,Accidental needlestick (clean)
H03-02,Accidental needlestick (clean)
H03-03,Accidental needlestick (clean)
H03-16,Dose not administered (repeated missed doses) or Delay of dose administration that is >24 hours in neonate/infant population
H03-17,Dose not administered (repeated missed doses) or Delay of dose administration that is >24 hours in neonate/infant population
H03-53,"Needle guard (optional component) does not properly extend to block the needle from view, optional component cannot be used during injection"
H10-33,Product is administered orally
H10-34,Product is administered orally
H02_1,Exposure to organisms injected intramuscularly
H02_126,"Administration instructions are not followed, resulting in biologic contamination (failure to wash hands; administered into unclean skin; needle left exposed for longer than 60 minutes; etc.)"
H02_2,Exposure to organisms injected intramuscularly
H02_3,Exposure to organisms injected intramuscularly
H02_7,"Cross Contamination, e.g. HCP is exposed to the used needle after injection of recipient"
H03-52,"Needle guard (optional component) does not properly retract, optional component cannot be used during injection"
