,Hazard ID,Hazard,Hazardous Situation
0,H02_1, Biological Agents,Exposure to organisms injected intramuscularly
1,H02_2, Biological Agents,Exposure to organisms injected intramuscularly
2,H02_3, Biological Agents,Exposure to organisms injected intramuscularly
3,H02_7, Biological Agents,"Cross Contamination, e.g. HCP is exposed to the used needle after injection of recipient"
4,H02_126, Biological Agents,"Administration instructions are not followed, resulting in biologic contamination (failure to wash hands; administered into unclean skin; needle left exposed for longer than 60 minutes; etc.)"
5,H02_67, Chemical Agents - Particles,Administration of  particulate matter
6,H02_68, Chemical Agents - Particles,Administration of  particulate matter
7,H02_69, Chemical Agents - Particles,Administration of  particulate matter
8,H02_128, Chemical Agents - Manufacturing and Cleaning Residues,Exposure to residues from the manufacturing process and/or equipment cleaning process
9,H02_129, Chemical Agents - Manufacturing and Cleaning Residues,Exposure to residues from the manufacturing process and/or equipment cleaning process
10,H02_130, Chemical Agents - Manufacturing and Cleaning Residues,Exposure to residues from the manufacturing process and/or equipment cleaning process
11,H02_137, Chemical Agents - Extractables and Leachables,Exposure to toxic extractables or leachables
12,H02_138, Chemical Agents - Extractables and Leachables,Exposure to toxic extractables or leachables
13,H02_139, Chemical Agents - Extractables and Leachables,Exposure to toxic extractables or leachables
14,H02_143, Immunological Agents,"Administration of allergenic substance (device material of construction e.g. plasticizer, latex etc.)"
15,H02_144, Immunological Agents,"Administration of allergenic substance (device material of construction e.g. plasticizer, latex etc.)"
16,H02_145, Immunological Agents,"Skin contact with allergenic substance (device material of construction e.g. plasticizer, latex etc.)"
17,H02_146, Immunological Agents,"Skin contact with allergenic substance (device material of construction e.g. plasticizer, latex etc.)"
18,H02_151, Immunological Agents - Biocompatibility,"Invasive contact with a non-biocompatible substance (device materials of construction, e.g. plasticizer, unbound monomers, latex)."
19,H02_152, Immunological Agents - Biocompatibility,"Invasive contact with a non-biocompatible substance (device materials of construction, e.g. plasticizer, unbound monomers, latex)."
20,H02_153, Immunological Agents - Biocompatibility,"Invasive contact with a non-biocompatible substance (device materials of construction, e.g. plasticizer, unbound monomers, latex)."
21,H02_154, Immunological Agents - Biocompatibility,"Surface contact with a non-biocompatible substance (device materials of construction, e.g. plasticizer, unbound monomers, latex)."
22,H02_155, Immunological Agents - Biocompatibility,"Surface contact with a non-biocompatible substance (device materials of construction, e.g. plasticizer, unbound monomers, latex)."
23,H03_1, Delivery - Quantity,Over dose
24,H03_2, Delivery - Quantity,Over dose
25,H03_3, Delivery - Quantity,Over dose
26,H03_4, Delivery - Quantity,Over dose
27,H03_13, Delivery - Quantity,Under dose 
28,H03_14, Delivery - Quantity,Under dose 
29,H03_15, Delivery - Quantity,Under dose 
30,H03_16, Delivery - Quantity,Under dose 
31,H03_70, Functionality - Critical Performance,Insufficient mixing of diluent and active drug product
32,H03_71, Functionality - Critical Performance,Insufficient mixing of diluent and active drug product
33,H03_72, Functionality - Critical Performance,Insufficient mixing of diluent and active drug product
34,H03_73, Functionality - Critical Performance,Insufficient mixing of diluent and active drug product
35,H03_74, Functionality - Critical Performance,Insufficient mixing of diluent and active drug product
36,H03_86, Functionality - Critical Performance,Administered with bent/broken needle
37,H03_87, Functionality - Critical Performance,Administered with bent/broken needle
38,H03_88, Functionality - Critical Performance,Administered with bent/broken needle
39,H03_89, Functionality - Critical Performance,Administered with bent/broken needle
40,H03_105, Delivery - Route,Intramuscular injection is not achieved; injection is intradermal or subcutaneous
41,H03_106, Delivery - Route,Intramuscular injection is not achieved; injection is intradermal or subcutaneous
42,H03_107, Delivery - Route,Intramuscular injection is not achieved; injection is intradermal or subcutaneous
43,H03_108, Delivery - Route,Intramuscular injection is not achieved; injection is intradermal or subcutaneous
44,H03_109, Delivery - Route,Intramuscular injection is not achieved; injection is intradermal or subcutaneous
45,H03_114, Functionality - Critical Performance,Needle breaks off during administration
46,H03_115, Functionality - Critical Performance,Needle breaks off during administration
47,H03_116, Functionality - Critical Performance,Needle breaks off during administration
48,H03_162, Functionality - Critical Performance,Application of degraded drug (e.g. expired product or frozen and subsequently thawed)
49,H03_163, Functionality - Critical Performance,Application of degraded drug (e.g. expired product or frozen and subsequently thawed)
50,H03_164, Functionality - Critical Performance,Application of degraded drug (e.g. expired product or frozen and subsequently thawed)
51,H03_165, Functionality - Critical Performance,Application of degraded drug (e.g. expired product or frozen and subsequently thawed)
52,H03_166, Functionality - Critical Performance,Application of degraded drug (e.g. expired product or frozen and subsequently thawed)
53,H03_188, Functionality - Critical Performance,Delay while HCP prepares a second injection
54,H04_1, Miscellaneous - Sharps,Needle stick  to recipient or clinician
55,H04_2, Miscellaneous - Sharps,Needle stick  to recipient or clinician
56,H04_8, Miscellaneous - Sharps,User exposed to sharp edges (unintended from design or breakage)
57,H04_9, Miscellaneous - Sharps,User exposed to sharp edges (unintended from design or breakage)
58,H04_10, Miscellaneous - Sharps,User exposed to sharp edges (unintended from design or breakage)
59,H04_31, Miscellaneous - Handling,Unexpected significant force required to prepare product
60,H04_32, Miscellaneous - Handling,Unexpected significant force required to prepare product
61,H04_43, Miscellaneous - Handling,Excessive force applied to administer product
62,H04_44, Miscellaneous - Handling,Excessive force applied to administer product
63,H04_65, Miscellaneous - Device Appearance/User Perception ,Cosmetic damage not affecting functionality or performance
64,H04_69, Miscellaneous - Manufacturing Process Issue,Process deviation not reaching the user
65,H04_73, Miscellaneous - Manufacturing Process Issue,Impact to manufacturing 
66,H04_77, Miscellaneous - Handling,Topical exposure of diluent (WFI) to user/patient 
67,H04_83, Miscellaneous - Handling,Topical exposure of drug product to user/patient 
0,H01-01, Sharp Edges,User/patient exposed to device containing sharp edges
1,H01-02, Sharp Edges,User/patient exposed to device containing sharp edges
2,H01-03, Sharp Edges,User/patient exposed to device containing sharp edges
3,H01-04, Exposed Needle,Accidental needlestick (clean)
4,H01-05, Exposed Needle,Accidental needlestick (clean)
5,H01-06, Exposed Needle,Needle breaks during administration
6,H01-07, Exposed Needle,Needle breaks during administration
7,H02-01, N/A,"N/A, hazard ID is not used."
8,H02-02, N/A,"N/A, hazard ID is not used."
9,H02-03, N/A,"N/A, hazard ID is not used."
10,H02-04, Infectious Agents,"Exposure to pathogenic bacteria, viruses, fungi, protists, endotoxins"
11,H02-05, Infectious Agents,"Exposure to pathogenic bacteria, viruses, fungi, protists, endotoxins"
12,H02-06, Blood-borne Pathogen,"Accidental needlestick with a needle that was in contact with blood, tissue, or other body fluid containing blood-borne pathogen (HIV, HBV, HCV, etc.)"
13,H03-01, N/A,"N/A, hazard ID is not used."
14,H03-02, Toxic or Caustic Chemicals,Patient exposed to toxic or caustic chemicals/residues
15,H03-03, N/A,"N/A, hazard ID is not used."
16,H03-04, N/A,"N/A, hazard ID is not used."
17,H03-05, Non-biocompatible Medical Device Parts,User/patient exposed to device constituent parts that are not compatible with the intended contact tissue
18,H03-06, Non-biocompatible Medical Device Parts,User/patient exposed to device constituent parts that are not compatible with the intended contact tissue
19,H04-01, N/A,"N/A, hazard ID is not used."
20,H04-02, N/A,"N/A, hazard ID is not used."
21,H04-03, Allergenic Substances,User/patient is exposed to allergenic substances
22,H04-04, Allergenic Substances,User/patient is exposed to allergenic substances
23,H04-05, Allergenic Substances,User/patient is exposed to allergenic substances
24,H05-01, Mechanical - Moving Parts,Exposure to pinch points created by moving device parts
25,H05-02, Mechanical - Moving Parts,Exposure to pinch points created by moving device parts
26,H06-01, Electromagnetic Energy,Line voltage appears on pen body
27,H06-02, Electromagnetic Energy,Non-functional electronics or LCD
28,H06-03, Electromagnetic Energy,Electromagnetic energy causing thermal runaway (heat generation)
29,H07-01, N/A,"N/A, hazard ID is not used."
30,H08-01, N/A,"N/A, hazard ID is not used."
31,H09-01, N/A,"N/A, hazard ID is not used."
32,H10-01, Delivery Quantity,Dose not administered (single) or delay of dose administration in pediatric/adult population
33,H10-02, Delivery Quantity,Dose not administered (repeated missed doses) that is > 24 hours in pediatric/adult population
34,H10-03, Delivery Quantity,Dose not administered (repeated missed doses)  that is > 24 hours in pediatric/adult population
35,H10-04, Delivery Quantity,Dose not administered (repeated missed doses) that is > 24 hours in pediatric/adult population
36,H10-05, Delivery Quantity,Dose not administered (single) or delay of dose administration in neonate/infant population
37,H10-06, Delivery Quantity,Dose not administered (single) or delay of dose administration in neonate/infant population
38,H10-07, Delivery Quantity,Dose not administered (single) or delay of dose administration in neonate/infant population
39,H10-08, Delivery Quantity,Dose not administered (repeated missed doses)  that is > 24 hours in neonate/infant population
40,H10-09, Delivery Quantity,Dose not administered (repeated missed doses)  that is > 24 hours in neonate/infant population
41,H10-10, Functionality - Critical Performance / Delivery Quantity,Single subtherapeutic dose administered in pediatric/adult population
42,H10-11, Functionality - Critical Performance / Delivery Quantity,Repeated subtherapeutic doses administered in pediatric/adult populations
43,H10-12, Functionality - Critical Performance / Delivery Quantity,Repeated subtherapeutic doses administered in pediatric/adult populations
44,H10-13, Functionality - Critical Performance / Delivery Quantity,Repeated subtherapeutic doses administered in pediatric/adult populations
45,H10-14, Functionality - Critical Performance / Delivery Quantity,Single subtherapeutic dose administered in neonate/infant population
46,H10-15, Functionality - Critical Performance / Delivery Quantity,Single subtherapeutic dose administered in neonate/infant population
47,H10-16, Functionality - Critical Performance / Delivery Quantity,Repeated subtherapeutic dose administered in neonate/infant population
48,H10-17, Functionality - Critical Performance / Delivery Quantity,Repeated subtherapeutic dose administered in neonate/infant population
49,H10-18, N/A,"N/A, hazard ID is not used."
50,H10-19, Delivery Quantity,Single excessive dose administered in pediatric/adult populations
51,H10-20, Delivery Quantity,Single excessive dose administered in pediatric/adult populations
52,H10-21, Delivery Quantity,Repeated excessive doses administered in pediatric/adult populations
53,H10-22, Delivery Quantity,Repeated excessive doses administered in pediatric/adult populations
54,H10-23, Delivery Quantity,Repeated excessive doses administered in pediatric/adult populations
55,H10-24, Delivery Quantity,Single excessive dose administered in neonate/infant population
56,H10-25, Delivery Quantity,Single excessive dose administered in neonate/infant population
57,H10-26, Delivery Quantity,Single excessive dose administered in neonate/infant population
58,H10-27, Delivery Quantity,Repeated excessive doses administered in neonate/infant population
59,H10-28, Delivery Quantity,Repeated excessive doses administered in neonate/infant population
60,H10-29, Delivery Quantity,Repeated excessive doses administered in neonate/infant population
61,H10-30, Incorrect Route of Administration,Product is administered intramuscularly (IM) or intradermally
62,H10-31, Incorrect Route of Administration,Product is administered intramuscularly (IM) or intradermally
63,H10-32, Incorrect Route of Administration,Product is administered intravenously (IV)
64,H10-33, Delivery Quantity,Product is administered orally
65,H10-34, Incorrect Route of Administration,Product is administered orally
66,H10-35, Incorrect Method of Administration,Product is administered at incorrect injection site (i.e. previously used injection site) and/or poor injection technique used to administer product
67,H10-36, Incorrect Method of Administration,Product is administered at incorrect injection site (i.e. previously used injection site) and/or poor injection technique used to administer product
68,H10-37, Accidental Exposure,"N/A, hazard ID is not used."
69,H10-38, Accidental Exposure,Topical exposure of user/patient to drug
70,H10-39, Air in Product,Administration of air subcutaneously – Adolescents and Adults
71,H10-40, Air in Product,Administration of air subcutaneously – Adolescents and Adults
72,H10-41, Air in Product,"Administration of air subcutaneously – Neonates, Infants, and Children"
73,H10-42, Air in Product,"Administration of air subcutaneously – Neonates, Infants, and Children"
74,H10-43, Air in Product,"Administration of air subcutaneously – Neonates, Infants, and Children"
